{
    "Doran Martell": 0.11848676204681396,
    "Falia Flowers": 0.046161949634552,
    "Walda Rivers": 0.002369999885559082,
    "Brandon Tallhart": 0.3112066388130188,
    "Elder Brother (Quiet Isle)": 0.1354060173034668,
    "Jorah Mormont": 0.03441983461380005,
    "Sarella Sand": 0.6874652802944183,
    "Devan Seaworth": 0.018014848232269287,
    "Duram Bar Emmon": 0.0454903244972229,
    "Stannis Seaworth": 0.05297321081161499,
    "Euron Greyjoy": 0.9344482868909836,
    "Rhae Targaryen": 0.9996731463179458,
    "Willem Frey": 0.0027279257774353027,
    "Denyo Terys": 0.02824568748474121,
    "Roslin Frey": 0.005492508411407471,
    "Steffon Seaworth": 0.07289326190948486,
    "Lyonel Frey": 0.006886184215545654,
    "Renly Norcross": 0.06401669979095459,
    "Waltyr Frey": 0.007899940013885498,
    "Rickon Stark": 0.5634927451610565,
    "Beck": 0.008171558380126953,
    "Leana Frey": 0.6722666621208191,
    "Cersei Lannister": 0.1169174313545227,
    "Jhiqui": 0.0472639799118042,
    "Donnel Haigh": 0.06609565019607544,
    "Bran Stark": 0.011840999126434326,
    "Aurane Waters": 0.4701026678085327,
    "Myranda Royce": 0.0300753116607666,
    "Serra Frey": 0.001763463020324707,
    "Edric Storm": 0.007558465003967285,
    "Qyburn": 0.5959144234657288,
    "Marianne Vance": 0.01706826686859131,
    "Edwyn Frey": 0.9883056180551648,
    "Tyrion Tanner": 0.049475133419036865,
    "Elwood Meadows": 0.03932833671569824,
    "Wynton Stout": 0.8317795842885971,
    "Erik Ironmaker": 0.9985592162702233,
    "Lollys Stokeworth": 0.2448040246963501,
    "Jeyne Poole": 0.01751941442489624,
    "Gerold Dayne": 0.07864624261856079,
    "Ben": 0.023131191730499268,
    "Edmure Tully": 0.00888526439666748,
    "Walder Frey (son of Jammos)": 0.014359593391418457,
    "Alester Norcross": 0.07562059164047241,
    "Grenn": 0.004658341407775879,
    "Beth Cassel": 0.008787691593170166,
    "Erena Glover": 0.01664423942565918,
    "Mors Umber": 0.2515823245048523,
    "Irri": 0.055486083030700684,
    "Pylos": 0.007631361484527588,
    "Joyeuse Erenford": 0.045911431312561035,
    "Trystane Martell": 0.6067385673522949,
    "Edric Dayne": 0.12743794918060303,
    "Dunstan Drumm": 0.8018533736467361,
    "Weasel": 0.02079010009765625,
    "Tywin Frey": 0.00400090217590332,
    "Eleyna Westerling": 0.16584616899490356,
    "Brynden Tully": 0.841490626335144,
    "Gendry": 0.026685774326324463,
    "Flement Brax": 0.020144999027252197,
    "Jorelle Mormont": 0.023839354515075684,
    "Humfrey Wagstaff": 0.9829173721373081,
    "Boy": 0.02988678216934204,
    "Meera Reed": 0.04641836881637573,
    "Damon Lannister (son of Jason)": 0.9850855534896255,
    "Creighton Longbough": 0.9972770498134196,
    "Myrcella Baratheon": 0.09555423259735107,
    "Daven Lannister": 0.2712428569793701,
    "Monterys Velaryon": 0.17195528745651245,
    "Mya Stone": 0.05583924055099487,
    "Wendel Frey": 0.014464974403381348,
    "Zachery Frey": 0.01024162769317627,
    "Alys Karstark": 0.0009284019470214844,
    "Bradamar Frey": 0.0012730956077575684,
    "Genna Lannister": 0.991690369322896,
    "Victarion Greyjoy": 0.6533108651638031,
    "Meribald": 0.6473213732242584,
    "Gilwood Hunter": 0.007231950759887695,
    "Harys Haigh": 0.4258291721343994,
    "Dickon Frey": 0.007248997688293457,
    "Jammos Frey": 0.025533318519592285,
    "Tommen Baratheon": 0.011145055294036865,
    "Damon Vypren": 0.0035553574562072754,
    "Sandor Frey": 0.0038973093032836914,
    "Lynesse Hightower": 0.04083520174026489,
    "Eleanor Mooton": 0.01080101728439331,
    "Wylis Manderly": 0.5440971553325653,
    "Gwin Goodbrother": 0.0647650957107544,
    "Mylenda Caron": 0.5824577808380127,
    "Stannis Baratheon": 0.14383238554000854,
    "Wex Pyke": 0.07513755559921265,
    "Harlon Greyjoy": 0.9996181062306277,
    "Aeron Greyjoy": 0.9641141891479492,
    "Walder Goodbrook": 0.025187671184539795,
    "Satin": 0.005714595317840576,
    "Walder Frey": 0.03429579734802246,
    "Alyn Haigh": 0.10405933856964111,
    "Galazza Galare": 0.9975477561820298,
    "Jhogo": 0.08499807119369507,
    "Obara Sand": 0.9174107983708382,
    "Howland Reed": 0.0811624526977539,
    "Hosteen Frey": 0.02307802438735962,
    "Asha Greyjoy": 0.9992732455721125,
    "Margaery Tyrell": 0.17464101314544678,
    "Alysanne Bulwer": 0.01485985517501831,
    "Ryon Allyrion": 0.11335760354995728,
    "Clement": 0.5976278483867645,
    "Hother Umber": 0.7069589495658875,
    "Kyra Frey": 0.9515509307384491,
    "Lanna Lannister": 0.8500232845544815,
    "Garlan Tyrell": 0.1079593300819397,
    "Elyana Vypren": 0.0643911361694336,
    "Jonos Frey": 0.0030562281608581543,
    "Perriane Frey": 0.9965847455896437,
    "Walder Brax": 0.008844137191772461,
    "Jon Brax": 0.008910775184631348,
    "Lythene Frey": 0.9943197518587112,
    "Cregan Karstark": 0.7707807123661041,
    "Rosey": 0.6602567434310913,
    "Walda Frey (daughter of Lothar)": 0.002370893955230713,
    "Jeyne Westerling": 0.02550530433654785,
    "Daemon Sand": 0.0763823390007019,
    "Bella": 0.3266292214393616,
    "Malwyn Frey": 0.0022200942039489746,
    "Shirei Frey": 0.0034667253494262695,
    "Obella Sand": 0.05477035045623779,
    "Janei Lannister": 0.004756629467010498,
    "Martyn Lannister": 0.001269519329071045,
    "Amerei Frey": 0.00034058094024658203,
    "Arya Stark": 0.23477160930633545,
    "Walder Haigh": 0.005222797393798828,
    "Alyx Frey": 0.007252037525177002,
    "Alliser Thorne": 0.153581440448761,
    "Mathis Frey": 0.0023710131645202637,
    "Lyra Mormont": 0.03267550468444824,
    "Podrick Payne": 0.1185528039932251,
    "Osmund Frey": 0.0023568272590637207,
    "Ardrian Celtigar": 0.620363712310791,
    "Jojen Reed": 0.020829200744628906,
    "Ermesande Hayford": 0.010631024837493896,
    "Barristan Selmy": 0.6167713403701782,
    "Dorea Sand": 0.10180556774139404,
    "Elia Sand": 0.023005247116088867,
    "Emma": 0.9978075108956546,
    "Tyta Frey": 0.7919919192790985,
    "Alerie Hightower": 0.17245233058929443,
    "Petyr Baelish": 0.10565567016601562,
    "Robert Brax (son of Flement)": 0.028420567512512207,
    "Robin Greyjoy": 0.9865205381065607,
    "Perra Frey": 0.00237196683883667,
    "Jaime Frey": 0.004708409309387207,
    "Marissa Frey": 0.0012902021408081055,
    "Theon Greyjoy": 0.0292283296585083,
    "Delonne Allyrion": 0.260423481464386,
    "Tyrion Lannister": 0.07232397794723511,
    "Della Frey": 0.002808868885040283,
    "Layna": 0.847255140542984,
    "Victaria Tyrell": 0.9618180654942989,
    "Eldon Estermont": 0.5792737603187561,
    "Harrold Hardyng": 0.0016077160835266113,
    "Perwyn Frey": 0.018421530723571777,
    "Whalen Frey": 0.041805267333984375,
    "Davos Seaworth": 0.014734447002410889,
    "Cynthea Frey": 0.0008230805397033691,
    "Sylva Santagar": 0.20053833723068237,
    "Walda Frey (daughter of Walton)": 0.4637949466705322,
    "Walder Frey (son of Emmon)": 0.053729116916656494,
    "Zia Frey": 0.009631454944610596,
    "Illifer": 0.9972916827537119,
    "Clydas": 0.8251451849937439,
    "Marei": 0.028994381427764893,
    "Tytos Brax": 0.5574201941490173,
    "Desmond Grell": 0.7359067797660828,
    "Tysha": 0.5101150274276733,
    "Alayaya": 0.03095299005508423,
    "Rickard Wylde": 0.007779061794281006,
    "Wynafryd Manderly": 0.07408589124679565,
    "Greydon Goodbrother": 0.09817200899124146,
    "Gawen Glover": 0.04092162847518921,
    "Arwood Frey": 0.09069281816482544,
    "Mace Tyrell": 0.8104310631752014,
    "Beren Tallhart": 0.13072526454925537,
    "Lyonel Corbray": 0.09300059080123901,
    "Sarra Frey": 0.001763463020324707,
    "Gunthor Hightower": 0.046770334243774414,
    "Arthor Karstark": 0.08952605724334717,
    "Waif": 0.15799331665039062,
    "Dickon Tarly": 0.05503714084625244,
    "Maegelle Frey": 0.9955592141486704,
    "Alysane Mormont": 0.004057943820953369,
    "Raymund Frey": 0.013067305088043213,
    "Tywin Frey (son of Raymund)": 0.021732091903686523,