{
    "Alester Norcross": 0.08696156740188599,
    "Martyn Lannister": 0.20121324062347412,
    "Eleanor Mooton": 0.13458740711212158,
    "Ben": 0.3024200201034546,
    "Arwyn Frey": 0.1830492615699768,
    "Jammos Frey": 0.23266202211380005,
    "Aeron Greyjoy": 0.8950695022940636,
    "Clydas": 0.795455202460289,
    "Danwell Frey": 0.6108787953853607,
    "Irri": 0.7188725769519806,
    "Arwood Frey": 0.502214640378952,
    "Erena Glover": 0.09350115060806274,
    "Gysella Goodbrother": 0.4679034352302551,
    "Maegelle Frey": 0.7808308005332947,
    "Jonos Frey": 0.11872315406799316,
    "Doran Martell": 0.30085694789886475,
    "Lanna (Happy Port)": 0.18443500995635986,
    "Eldon Estermont": 0.7338836193084717,
    "Davos Seaworth": 0.10911840200424194,
    "Halder": 0.15180808305740356,
    "Margaery Tyrell": 0.0791047215461731,
    "Bella": 0.5464595854282379,
    "Joyeuse Erenford": 0.5126579999923706,
    "Gran Goodbrother": 0.34551525115966797,
    "Gulian Swann": 0.9729845505207777,
    "Colmar Frey": 0.12310510873794556,
    "Desmond Grell": 0.8241536468267441,
    "Falia Flowers": 0.20885878801345825,
    "Jon Brax": 0.11036235094070435,
    "Janei Lannister": 0.16190379858016968,
    "Arianne Martell": 0.9627678282558918,
    "Eleyna Westerling": 0.7036660611629486,
    "Dickon Frey": 0.0968136191368103,
    "Galazza Galare": 0.9954032548703253,
    "Josmyn Peckledon": 0.2027970552444458,
    "Lothar Frey": 0.6345156729221344,
    "Jeyne Westerling": 0.7936360687017441,
    "Benjen Stark": 0.595900297164917,
    "Bronn": 0.7369776666164398,
    "Brandon Tallhart": 0.7883661240339279,
    "Gormond Goodbrother": 0.3452935814857483,
    "Clement": 0.6149170696735382,
    "Ermesande Hayford": 0.15738338232040405,
    "Garlan Tyrell": 0.11641114950180054,
    "Jhogo": 0.9192187264561653,
    "Gendry": 0.0746726393699646,
    "Gawen Glover": 0.07949197292327881,
    "Eddara Tallhart": 0.7742666751146317,
    "Denys Mallister": 0.5858995020389557,
    "Alys Arryn": 0.8944517746567726,
    "Creighton Longbough": 0.8748799562454224,
    "Maron Volmark": 0.2617235779762268,
    "Arya Stark": 0.6834638118743896,
    "Donnel Waynwood": 0.07130002975463867,
    "Jon Connington": 0.9580810330808163,
    "Lyonel Frey": 0.5734461545944214,
    "Denyo Terys": 0.296650767326355,
    "Alesander Frey": 0.749675452709198,
    "Jorelle Mormont": 0.211777925491333,
    "Malwyn Frey": 0.15563350915908813,
    "Marissa Frey": 0.3520466089248657,
    "Donnel Haigh": 0.3228338956832886,
    "Elinor Tyrell": 0.12733560800552368,
    "Dorea Sand": 0.133234441280365,
    "Loras Tyrell": 0.13840115070343018,
    "Harys Haigh": 0.7069323360919952,
    "Jaime Lannister": 0.4533190131187439,
    "Grenn": 0.07972890138626099,
    "Damon Lannister (son of Jason)": 0.7048531472682953,
    "Jeyne Poole": 0.27160167694091797,
    "Emberlei Frey": 0.13280725479125977,
    "Lyonel Corbray": 0.26567769050598145,
    "Jeyne Heddle": 0.2220553159713745,
    "Beth Cassel": 0.4964737892150879,
    "Beren Tallhart": 0.755174070596695,
    "Delonne Allyrion": 0.5161138474941254,
    "Lythene Frey": 0.8052126467227936,
    "Larence Snow": 0.0772174596786499,
    "Joy Hill": 0.22742891311645508,
    "Jaime Frey": 0.15913981199264526,
    "Elmar Frey": 0.09899574518203735,
    "Lorcas": 0.2823048233985901,
    "Dickon Tarly": 0.11026430130004883,
    "Gerold Dayne": 0.5770147442817688,
    "Jeyne Goodbrook": 0.16426634788513184,
    "Boy": 0.36003488302230835,
    "Marianne Vance": 0.6635955572128296,
    "Harlon Greyjoy": 0.9576754346489906,
    "Harrold Hardyng": 0.04788923263549805,
    "Erik Ironmaker": 0.945905476808548,
    "Flement Brax": 0.20825684070587158,
    "Jon Snow": 0.1383204460144043,
    "Beck": 0.2328595519065857,
    "Gerris Drinkwater": 0.8838836699724197,
    "Kedge Whiteye": 0.5431291162967682,
    "Lancel Lannister": 0.07978832721710205,
    "Humfrey Wagstaff": 0.9061779752373695,
    "Della Frey": 0.1536238193511963,
    "Donel Greyjoy": 0.9291393905878067,
    "Alysanne Bulwer": 0.5209336578845978,
    "Cynthea Frey": 0.22965466976165771,
    "Genna Lannister": 0.9061364158987999,
    "Elwood Meadows": 0.13051694631576538,
    "Gunthor Hightower": 0.16336774826049805,
    "Barristan Selmy": 0.9237964227795601,
    "Daemon Sand": 0.1885690689086914,
    "Damon Vypren": 0.19347018003463745,
    "Arthor Karstark": 0.6753347814083099,
    "Bradamar Frey": 0.15563446283340454,
    "Dunstan Drumm": 0.8437343835830688,
    "Cersei Lannister": 0.5518267154693604,
    "Lyanna Mormont": 0.11131167411804199,
    "Jhiqui": 0.7209990918636322,
    "Mace Tyrell": 0.5053604543209076,
    "Elia Sand": 0.5293484926223755,
    "Amerei Frey": 0.5483922362327576,
    "Alliser Thorne": 0.42941051721572876,
    "Alysane Mormont": 0.2706093192100525,
    "Devan Seaworth": 0.10002446174621582,
    "Alyn Haigh": 0.4611356258392334,
    "Howland Reed": 0.5293534696102142,
    "Lynesse Hightower": 0.10160708427429199,
    "Cersei Frey": 0.28945285081863403,
    "Elder Brother (Quiet Isle)": 0.5460422933101654,
    "Greydon Goodbrother": 0.3452196717262268,
    "Maege Mormont": 0.9313856586813927,
    "Emma": 0.9596792384982109,
    "Ardrian Celtigar": 0.577439695596695,
    "Edmure Tully": 0.6193764507770538,
    "Alerie Hightower": 0.3973535895347595,
    "Loreza Sand": 0.201917827129364,
    "Elyana Vypren": 0.5022952854633331,
    "Asha Greyjoy": 0.9149608537554741,
    "Lanna Lannister": 0.6079606115818024,
    "Euron Greyjoy": 0.9540166109800339,
    "Alys Karstark": 0.39045894145965576,
    "Edric Dayne": 0.6022026240825653,
    "Hoster Frey": 0.14470243453979492,
    "Daven Lannister": 0.27385175228118896,
    "Alyn Frey": 0.1278287172317505,
    "Jorah Mormont": 0.9559572339057922,
    "Luceon Frey": 0.466605544090271,
    "Alla Tyrell": 0.10435342788696289,
    "Lucos Chyttering": 0.31886279582977295,
    "Alayaya": 0.13040530681610107,
    "Gwin Goodbrother": 0.4679034352302551,
    "Hosteen Frey": 0.4328806400299072,
    "Androw Frey": 0.12783896923065186,
    "Emmon Frey": 0.6511167883872986,
    "Cregan Karstark": 0.8160404413938522,
    "Edwyn Frey": 0.7749823927879333,
    "Layna": 0.7212413251399994,
    "Alyx Frey": 0.40926867723464966,
    "Jojen Reed": 0.09688258171081543,
    "Lucion Lannister": 0.46744412183761597,
    "Lollys Stokeworth": 0.6870681643486023,
    "Edric Storm": 0.07453125715255737,
    "Illifer": 0.8750674352049828,
    "Kyra Frey": 0.6549136936664581,
    "Aegon Frey (son of Aenys)": 0.6080921292304993,
    "Aurane Waters": 0.5936544239521027,
    "Marei": 0.1357203722000122,
    "Duram Bar Emmon": 0.1969853639602661,
    "Leathers": 0.7915161848068237,
    "Areo Hotah": 0.6525205373764038,
    "Lyra Mormont": 0.2600201964378357,
    "Bryan Frey": 0.16085046529769897,
    "Leana Frey": 0.15257716178894043,
    "Harwin": 0.6502136588096619,
    "Gilwood Hunter": 0.022431492805480957,
    "Bryen": 0.6270913779735565,
    "Gilly": 0.5867787599563599,
    "Hother Umber": 0.8760021105408669,
    "Jonelle Cerwyn": 0.9790019784122705,
    "Bran Stark": 0.18038946390151978,
    "Daenerys Targaryen": 0.8521043062210083,
    "Brynden Tully": 0.8240135610103607,
    "Damion Lannister": 0.3735594153404236
}