{
    "Donnel Waynwood": [
        0.4666021466255188,
        0.47503048181533813,
        0.4846568703651428,
        0.4756247401237488,
        0.4847157895565033,
        0.47519803047180176,
        0.4829876124858856,
        0.4716617465019226,
        0.48733213543891907,
        0.44589555263519287,
        0.4860478341579437,
        0.4328967034816742,
        0.4231449067592621,
        0.4254724383354187,
        0.4053754210472107,
        0.4056823253631592,
        0.4006301164627075
    ],
    "Marillion": [
        0.8140798211097717,
        0.8032606840133667,
        0.8120008111000061,
        0.8083505630493164,
        0.8172731995582581,
        0.822719395160675,
        0.8238856792449951,
        0.8181836605072021,
        0.8271286487579346,
        0.811691403388977,
        0.8251311779022217,
        0.8018688559532166,
        0.8193557858467102,
        0.8005561232566833,
        0.7876315116882324,
        0.7869275212287903,
        0.7983978390693665
    ],
    "Bran Stark": [
        0.034272849559783936,
        0.03742586076259613,
        0.028480153530836105,
        0.02976507879793644,
        0.02135925181210041,
        0.024666443467140198,
        0.016980143263936043,
        0.01883682608604431,
        0.016353201121091843,
        0.014661284163594246,
        0.01133545208722353,
        0.013150248676538467,
        0.014894010499119759,
        0.014704504981637001,
        0.013274655677378178,
        0.013819226063787937,
        0.013919111341238022
    ],
    "Daenerys Targaryen": [
        0.3569999039173126,
        0.3757392168045044,
        0.3619588017463684,
        0.3433758020401001,
        0.31034937500953674,
        0.3219269812107086,
        0.3343975841999054,
        0.34323248267173767,
        0.3257830739021301,
        0.34199488162994385,
        0.33300092816352844,
        0.3579930067062378,
        0.3280223309993744,
        0.3458351492881775,
        0.31571099162101746,
        0.34683895111083984,
        0.31871914863586426
    ],
    "Alys Karstark": [
        0.06050407141447067,
        0.060323700308799744,
        0.048043619841337204,
        0.05585695430636406,
        0.03726129233837128,
        0.04338909685611725,
        0.025978507474064827,
        0.03276265785098076,
        0.029137546196579933,
        0.023133113980293274,
        0.018285388126969337,
        0.02337096631526947,
        0.022688549011945724,
        0.02393213100731373,
        0.022591959685087204,
        0.02284996025264263,
        0.021776864305138588
    ],
    "Lyanna Mormont": [
        0.06863565742969513,
        0.11728918552398682,
        0.09410946071147919,
        0.07273619621992111,
        0.10214928537607193,
        0.10747845470905304,
        0.08291463553905487,
        0.0946969985961914,
        0.06737148016691208,
        0.078294537961483,
        0.05304517596960068,
        0.05951007828116417,
        0.051923319697380066,
        0.04730333387851715,
        0.03833629935979843,
        0.04474886879324913,
        0.046665310859680176
    ],
    "Denys Mallister": [
        0.31823456287384033,
        0.3825857937335968,
        0.2997599244117737,
        0.4354149103164673,
        0.3096531629562378,
        0.28420040011405945,
        0.28658434748649597,
        0.2960909307003021,
        0.3007962703704834,
        0.29342034459114075,
        0.27547112107276917,
        0.37109655141830444,
        0.27012109756469727,
        0.2825440764427185,
        0.28408530354499817,
        0.2609953284263611,
        0.2816341519355774
    ],
    "Arya Stark": [
        0.10500387847423553,
        0.08521478623151779,
        0.08906512707471848,
        0.06757001578807831,
        0.07718001306056976,
        0.053395677357912064,
        0.06268441677093506,
        0.05273391678929329,
        0.04791010916233063,
        0.038119327276945114,
        0.043008849024772644,
        0.049176521599292755,
        0.048554547131061554,
        0.043761663138866425,
        0.045935310423374176,
        0.04713928699493408,
        0.05206170305609703
    ],
    "Samwell Tarly": [
        0.41316598653793335,
        0.39359191060066223,
        0.3663446605205536,
        0.37303081154823303,
        0.38580945134162903,
        0.39788901805877686,
        0.386817067861557,
        0.39190664887428284,
        0.3878728747367859,
        0.4040161371231079,
        0.3816577196121216,
        0.40178120136260986,
        0.3693355917930603,
        0.39506638050079346,
        0.38071736693382263,
        0.3556867837905884,
        0.3602766990661621
    ],
    "Joyeuse Erenford": [
        0.6478703022003174,
        0.654504120349884,
        0.648638904094696,
        0.6168725490570068,
        0.5834273099899292,
        0.6090614199638367,
        0.5902044773101807,
        0.6375550031661987,
        0.6216927170753479,
        0.630371630191803,
        0.595932126045227,
        0.6306930184364319,
        0.6251887083053589,
        0.631682276725769,
        0.5608294010162354,
        0.6204935908317566,
        0.5653233528137207
    ],
    "Lollys Stokeworth": [
        0.45153313875198364,
        0.4546762704849243,
        0.4142325818538666,
        0.42253974080085754,
        0.4214183986186981,
        0.4388076066970825,
        0.431228369474411,
        0.4599493741989136,
        0.4074699878692627,
        0.3827201724052429,
        0.4537259042263031,
        0.40250149369239807,
        0.40395137667655945,
        0.3773694634437561,
        0.4352184236049652,
        0.40084773302078247,
        0.4038730561733246
    ],
    "Jorah Mormont": [
        0.20048192143440247,
        0.19847837090492249,
        0.1719973236322403,
        0.2346343845129013,
        0.20114049315452576,
        0.20115317404270172,
        0.2541845738887787,
        0.24510984122753143,
        0.18650765717029572,
        0.1754477471113205,
        0.2530810534954071,
        0.1711881160736084,
        0.2817458212375641,
        0.1685967892408371,
        0.15647657215595245,
        0.15352606773376465,
        0.17499226331710815
    ],
    "Olyvar": [
        0.4872446656227112,
        0.48684561252593994,
        0.4713599979877472,
        0.48412343859672546,
        0.48109349608421326,
        0.4974521994590759,
        0.4746226668357849,
        0.4911094903945923,
        0.4481780230998993,
        0.4866331219673157,
        0.4627763330936432,
        0.4435000419616699,
        0.4503210783004761,
        0.4208300709724426,
        0.4196169674396515,
        0.41334348917007446,
        0.4302386939525604
    ],
    "Tyrion Lannister": [
        0.5130652189254761,
        0.5006406903266907,
        0.5017669200897217,
        0.4817546010017395,
        0.4872896671295166,
        0.48152434825897217,
        0.49117058515548706,
        0.4864983856678009,
        0.4978700280189514,
        0.4780155420303345,
        0.46995213627815247,
        0.5015960931777954,
        0.4672797620296478,
        0.46548429131507874,
        0.4453670084476471,
        0.49388378858566284,
        0.47197261452674866
    ],
    "Edmure Tully": [
        0.9143051505088806,
        0.8966562151908875,
        0.8629733920097351,
        0.8723976612091064,
        0.8497648239135742,
        0.8641183972358704,
        0.8523663878440857,
        0.8634784817695618,
        0.8373104929924011,
        0.8817222714424133,
        0.8355440497398376,
        0.8248871564865112,
        0.8993648290634155,
        0.793337881565094,
        0.8252797722816467,
        0.7070485949516296,
        0.8756371140480042
    ],