{
    "Theon Greyjoy": [
        0.7010843753814697,
        0.7010843753814697,
        0.7010843753814697,
        0.7010843753814697,
        0.7010843753814697,
        0.7010843753814697,
        0.7010843753814697,
        0.7010843753814697,
        0.7010843753814697,
        0.7010843753814697,
        0.7010843753814697,
        0.7010843753814697,
        0.7010843753814697,
        0.7010843753814697,
        0.7010843753814697,
        0.7010843753814697,
        0.7010843753814697
    ],
    "Daenerys Targaryen": [
        0.9934322834014893,
        0.9934322834014893,
        0.9934322834014893,
        0.9934322834014893,
        0.9934322834014893,
        0.9934322834014893,
        0.9934322834014893,
        0.9934322834014893,
        0.9934322834014893,
        0.9934322834014893,
        0.9934322834014893,
        0.9934322834014893,
        0.9934322834014893,
        0.9934322834014893,
        0.9934322834014893,
        0.9934322834014893,
        0.9934322834014893
    ],
    "Ned Umber": [
        9.181396962154587e-13,
        9.181396962154587e-13,
        9.181396962154587e-13,
        9.181396962154587e-13,
        9.181396962154587e-13,
        9.181396962154587e-13,
        9.181396962154587e-13,
        9.181396962154587e-13,
        9.181396962154587e-13,
        9.181396962154587e-13,
        9.181396962154587e-13,
        9.181396962154587e-13,
        9.181396962154587e-13,
        9.181396962154587e-13,
        9.181396962154587e-13,
        9.181396962154587e-13,
        9.181396962154587e-13
    ],
    "Alys Karstark": [
        1.282923831087007e-15,
        1.282923831087007e-15,
        1.282923831087007e-15,
        1.282923831087007e-15,
        1.282923831087007e-15,
        1.282923831087007e-15,
        1.282923831087007e-15,
        1.282923831087007e-15,
        1.282923831087007e-15,
        1.282923831087007e-15,
        1.282923831087007e-15,
        1.282923831087007e-15,
        1.282923831087007e-15,
        1.282923831087007e-15,
        1.282923831087007e-15,
        1.282923831087007e-15,
        1.282923831087007e-15
    ],
    "Jaime Lannister": [
        0.0055238003842532635,
        0.0055238003842532635,
        0.0055238003842532635,
        0.0055238003842532635,
        0.0055238003842532635,
        0.0055238003842532635,
        0.0055238003842532635,
        0.0055238003842532635,
        0.0055238003842532635,
        0.0055238003842532635,
        0.0055238003842532635,
        0.0055238003842532635,
        0.0055238003842532635,
        0.0055238003842532635,
        0.0055238003842532635,
        0.0055238003842532635,
        0.0055238003842532635
    ],
    "Arya Stark": [
        0.0031469680834561586,
        0.0031469680834561586,
        0.0031469680834561586,
        0.0031469680834561586,
        0.0031469680834561586,
        0.0031469680834561586,
        0.0031469680834561586,
        0.0031469680834561586,
        0.0031469680834561586,
        0.0031469680834561586,
        0.0031469680834561586,
        0.0031469680834561586,
        0.0031469680834561586,
        0.0031469680834561586,
        0.0031469680834561586,
        0.0031469680834561586,
        0.0031469680834561586
    ],
    "Robin Arryn": [
        0.999991774559021,
        0.999991774559021,
        0.999991774559021,
        0.999991774559021,
        0.999991774559021,
        0.999991774559021,
        0.999991774559021,
        0.999991774559021,
        0.999991774559021,
        0.999991774559021,
        0.999991774559021,
        0.999991774559021,
        0.999991774559021,
        0.999991774559021,
        0.999991774559021,
        0.999991774559021,
        0.999991774559021
    ],
    "Tyrion Lannister": [
        0.9918003678321838,
        0.9918003678321838,
        0.9918003678321838,
        0.9918003678321838,
        0.9918003678321838,
        0.9918003678321838,
        0.9918003678321838,
        0.9918003678321838,
        0.9918003678321838,
        0.9918003678321838,
        0.9918003678321838,
        0.9918003678321838,
        0.9918003678321838,
        0.9918003678321838,
        0.9918003678321838,
        0.9918003678321838,
        0.9918003678321838
    ],
    "Bran Stark": [
        1.395873368892353e-06,
        1.395873368892353e-06,
        1.395873368892353e-06,
        1.395873368892353e-06,
        1.395873368892353e-06,
        1.395873368892353e-06,
        1.395873368892353e-06,
        1.395873368892353e-06,
        1.395873368892353e-06,
        1.395873368892353e-06,
        1.395873368892353e-06,
        1.395873368892353e-06,
        1.395873368892353e-06,
        1.395873368892353e-06,
        1.395873368892353e-06,
        1.395873368892353e-06,
        1.395873368892353e-06
    ],
    "Sansa Stark": [
        3.592763459892012e-05,
        3.592763459892012e-05,
        3.592763459892012e-05,
        3.592763459892012e-05,
        3.592763459892012e-05,
        3.592763459892012e-05,
        3.592763459892012e-05,
        3.592763459892012e-05,
        3.592763459892012e-05,
        3.592763459892012e-05,
        3.592763459892012e-05,
        3.592763459892012e-05,
        3.592763459892012e-05,
        3.592763459892012e-05,
        3.592763459892012e-05,
        3.592763459892012e-05,
        3.592763459892012e-05
    ],
    "Cersei Lannister": [
        0.010395885445177555,
        0.010395885445177555,
        0.010395885445177555,
        0.010395885445177555,
        0.010395885445177555,
        0.010395885445177555,
        0.010395885445177555,
        0.010395885445177555,
        0.010395885445177555,
        0.010395885445177555,
        0.010395885445177555,
        0.010395885445177555,
        0.010395885445177555,
        0.010395885445177555,
        0.010395885445177555,
        0.010395885445177555,
        0.010395885445177555
    ],
    "Olyvar": [
        0.9870251417160034,
        0.9870251417160034,
        0.9870251417160034,
        0.9870251417160034,
        0.9870251417160034,
        0.9870251417160034,
        0.9870251417160034,
        0.9870251417160034,
        0.9870251417160034,
        0.9870251417160034,
        0.9870251417160034,
        0.9870251417160034,
        0.9870251417160034,
        0.9870251417160034,
        0.9870251417160034,
        0.9870251417160034,
        0.9870251417160034
    ],
    "Lyanna Mormont": [
        6.92832428797821e-14,
        6.92832428797821e-14,
        6.92832428797821e-14,
        6.92832428797821e-14,
        6.92832428797821e-14,
        6.92832428797821e-14,
        6.92832428797821e-14,
        6.92832428797821e-14,
        6.92832428797821e-14,
        6.92832428797821e-14,
        6.92832428797821e-14,
        6.92832428797821e-14,
        6.92832428797821e-14,
        6.92832428797821e-14,
        6.92832428797821e-14,
        6.92832428797821e-14,
        6.92832428797821e-14
    ],
    "Samwell Tarly": [
        0.9997264742851257,
        0.9997264742851257,
        0.9997264742851257,
        0.9997264742851257,
        0.9997264742851257,
        0.9997264742851257,
        0.9997264742851257,
        0.9997264742851257,
        0.9997264742851257,
        0.9997264742851257,
        0.9997264742851257,
        0.9997264742851257,
        0.9997264742851257,
        0.9997264742851257,
        0.9997264742851257,
        0.9997264742851257,
        0.9997264742851257
    ]
}