{
    "Marei": 0.14098936319351196,
    "Marillion": 0.822320967912674,
    "Sansa Stark": 0.9558914676308632,
    "Olyvar": 0.425289511680603,
    "Ned Umber": 0.8612906485795975,
    "Robett Glover": 0.7051323652267456,
    "Denys Mallister": 0.7570051699876785,
    "Wyman Manderly": 0.424938440322876,
    "Davos Seaworth": 0.11909270286560059,
    "Yohn Royce": 0.8319722414016724,
    "Hot Pie": 0.8276691734790802,
    "Anya Waynwood": 0.9757791645824909,
    "Yara Greyjoy": 2.384185791015625e-07,
    "Podrick Payne": 0.13423800468444824,
    "Archmaester": 0.09174036979675293,
    "Illyrio Mopatis": 0.760828286409378,
    "Steelshanks": 0.580746203660965,
    "Tormund Giantsbane": 0.5628808736801147,
    "Eddison Tollett": 0.04651159048080444,
    "Unella": 0.00961446762084961,
    "Yezzan zo Qaggaz": 0.12279927730560303,
    "Tyrion Lannister": 0.14889609813690186,
    "Alys Karstark": 0.9051003605127335,
    "Shagga": 0.8487997651100159,
    "Bran Stark": 0.9860164988785982,
    "Kinvara": 0.031287431716918945,
    "Jaime Lannister": 0.010617971420288086,
    "Qyburn": 0.005910098552703857,
    "Kovarro": 0.13708001375198364,
    "Missandei": 0.05528503656387329,
    "Ilyn Payne": 0.8703801333904266,
    "Jaqen H'ghar": 0.26296716928482056,
    "Tycho Nestoris": 0.9709865190088749,
    "Meera Reed": 0.8161943107843399,
    "Dim Dalba": 0.3728799819946289,
    "Grey Worm": 0.1270657181739807,
    "Hallyne": 0.26232385635375977,
    "Daenerys Targaryen": 0.0314708948135376,
    "Daario Naharis": 0.1000525951385498,
    "Cersei Lannister": 0.08670872449874878,
    "Jon Snow": 0.672793835401535,
    "Theon Greyjoy": 0.805351510643959,
    "Edmure Tully": 4.7206878662109375e-05,
    "Izembaro": 0.24858927726745605,
    "Lyanna Mormont": 0.02640855312347412,
    "Gendry": 0.8941088914871216,
    "Robin Arryn": 0.5945723354816437,
    "Sandor Clegane": 0.16544991731643677,
    "Euron Greyjoy": 1.1920928955078125e-07,
    "Salladhor Saan": 0.6585190892219543,
    "Jorah Mormont": 0.0019822120666503906,
    "Melessa Tarly": 0.3868356943130493,
    "Anguy": 0.43437695503234863,
    "Armeca": 0.7617596685886383,
    "Ornela": 0.10721689462661743,
    "Arya Stark": 0.9008002355694771,
    "Malko": 0.48367881774902344,
    "Roslin Frey": 0.5768886208534241,
    "Samwell Tarly": 0.23047345876693726,
    "\"Black Walder\" Frey": 0.5831022560596466,
    "Bronn": 0.4029642939567566,
    "Varys": 0.02699941396713257,
    "Gilly": 0.1302827000617981
}