{
    "Ned Umber": 0.9314553961157799,
    "Samwell Tarly": 0.764078289270401,
    "Varys": 0.09724074602127075,
    "Shagga": 0.2933031916618347,
    "Gilly": 0.6439631581306458,
    "Cersei Lannister": 0.5375934839248657,
    "Izembaro": 0.02121514081954956,
    "Malko": 0.13495469093322754,
    "Podrick Payne": 0.3687123656272888,
    "\"Black Walder\" Frey": 0.48785316944122314,
    "Hot Pie": 0.9641295298933983,
    "Eddison Tollett": 0.4536423683166504,
    "Davos Seaworth": 0.32344651222229004,
    "Ornela": 0.004100501537322998,
    "Melessa Tarly": 0.0435715913772583,
    "Steelshanks": 0.8581037372350693,
    "Daario Naharis": 0.050834476947784424,
    "Salladhor Saan": 0.7463858127593994,
    "Yohn Royce": 0.43578583002090454,
    "Anya Waynwood": 0.7091883718967438,
    "Alys Karstark": 0.8091114908456802,
    "Dim Dalba": 0.16247457265853882,
    "Yezzan zo Qaggaz": 0.08503144979476929,
    "Euron Greyjoy": 0.13504397869110107,
    "Tormund Giantsbane": 0.5513945519924164,
    "Anguy": 0.47768664360046387,
    "Illyrio Mopatis": 0.08834844827651978,
    "Lyanna Mormont": 0.006674408912658691,
    "Ilyn Payne": 0.26784443855285645,
    "Hallyne": 0.09893530607223511,
    "Daenerys Targaryen": 0.25045835971832275,
    "Bronn": 0.7246079444885254,
    "Jaime Lannister": 0.055246591567993164,
    "Archmaester": 0.060886263847351074,
    "Missandei": 0.11922448873519897,
    "Roslin Frey": 0.4862484335899353,
    "Sansa Stark": 0.9986990903271362,
    "Theon Greyjoy": 0.9658643119037151,
    "Marei": 0.29861021041870117,
    "Bran Stark": 0.9984363722614944,
    "Kinvara": 0.007225751876831055,
    "Armeca": 0.4841004014015198,
    "Olyvar": 0.6052354276180267,
    "Denys Mallister": 0.14396464824676514,
    "Yara Greyjoy": 0.6115095317363739,
    "Robett Glover": 0.40360212326049805,
    "Kovarro": 0.023381590843200684,
    "Sandor Clegane": 0.5527426898479462,
    "Edmure Tully": 4.482269287109375e-05,
    "Jon Snow": 0.9016943350434303,
    "Qyburn": 0.01886039972305298,
    "Tyrion Lannister": 0.08079105615615845,
    "Meera Reed": 0.9181052222847939,
    "Robin Arryn": 0.0669635534286499,
    "Jorah Mormont": 0.0055425167083740234,
    "Tycho Nestoris": 0.6457264423370361,
    "Unella": 0.038569629192352295,
    "Jaqen H'ghar": 0.4153246283531189,
    "Arya Stark": 0.9863894693553448,
    "Gendry": 0.9890921795740724,
    "Marillion": 0.3279876112937927,
    "Wyman Manderly": 0.022129058837890625,
    "Grey Worm": 0.2999648451805115
}