{
    "\"Black Walder\" Frey": 0.38874268531799316,
    "Cersei Lannister": 0.05080139636993408,
    "Eddison Tollett": 0.06586259603500366,
    "Denys Mallister": 0.9869450377300382,
    "Bran Stark": 0.5781011879444122,
    "Yohn Royce": 0.2201215624809265,
    "Tyrion Lannister": 0.025134563446044922,
    "Podrick Payne": 0.11150896549224854,
    "Izembaro": 0.31879687309265137,
    "Steelshanks": 0.1339905858039856,
    "Unella": 0.027627408504486084,
    "Jorah Mormont": 0.28084802627563477,
    "Olyvar": 0.027529418468475342,
    "Ned Umber": 0.7715146392583847,
    "Lyanna Mormont": 0.027715086936950684,
    "Archmaester": 0.9583360776305199,
    "Jaime Lannister": 0.039599478244781494,
    "Kinvara": 0.301618754863739,
    "Salladhor Saan": 0.12937766313552856,
    "Samwell Tarly": 0.03305530548095703,
    "Melessa Tarly": 0.08925551176071167,
    "Yezzan zo Qaggaz": 0.040933430194854736,
    "Missandei": 0.004500687122344971,
    "Hallyne": 0.9993916489765979,
    "Varys": 0.031777262687683105,
    "Kovarro": 0.8716603517532349,
    "Sansa Stark": 0.7325995862483978,
    "Bronn": 0.9352727681398392,
    "Ilyn Payne": 0.8888093829154968,
    "Hot Pie": 0.026691198348999023,
    "Robett Glover": 0.7812675982713699,
    "Grey Worm": 0.006624996662139893,
    "Davos Seaworth": 0.44853824377059937,
    "Euron Greyjoy": 0.0032335519790649414,
    "Anya Waynwood": 0.9510592147707939,
    "Jaqen H'ghar": 0.4278944730758667,
    "Ornela": 0.00572282075881958,
    "Meera Reed": 0.042159080505371094,
    "Tycho Nestoris": 0.5014244616031647,
    "Alys Karstark": 0.2886533737182617,
    "Gilly": 0.015466570854187012,
    "Daario Naharis": 0.0171356201171875,
    "Brienne": 0.13344961404800415,
    "Yara Greyjoy": 0.009882152080535889,
    "Qyburn": 0.0623936653137207,
    "Wyman Manderly": 0.09415286779403687,
    "Armeca": 0.11384904384613037,
    "Gendry": 0.12400692701339722,
    "Sandor Clegane": 0.47532057762145996,
    "Anguy": 0.49583256244659424,
    "Roslin Frey": 0.06162172555923462,
    "Daenerys Targaryen": 0.008794248104095459,
    "Tormund Giantsbane": 0.01759248971939087,
    "Robin Arryn": 0.06852126121520996,
    "Shagga": 0.09298783540725708,
    "Theon Greyjoy": 0.10487484931945801,
    "Jon Snow": 0.11910843849182129,
    "Marei": 0.043956220149993896,
    "Dim Dalba": 0.5000081062316895,
    "Marillion": 0.025501012802124023,
    "Edmure Tully": 0.003867626190185547,
    "Malko": 0.2136579155921936,
    "Arya Stark": 0.4717947244644165,
    "Illyrio Mopatis": 0.40813350677490234
}