{
    "Theon Greyjoy": 0.6496353149414062,
    "Ornela": 0.0015391111373901367,
    "Meera Reed": 0.4153108596801758,
    "Anguy": 0.5576887428760529,
    "Dim Dalba": 0.704617977142334,
    "Missandei": 0.01373744010925293,
    "Salladhor Saan": 0.46677327156066895,
    "Marei": 0.3570939898490906,
    "Kinvara": 0.46476322412490845,
    "Alys Karstark": 0.44918709993362427,
    "Daenerys Targaryen": 0.045138657093048096,
    "Robin Arryn": 0.5362458825111389,
    "Tyrion Lannister": 0.27154719829559326,
    "Steelshanks": 0.15700525045394897,
    "Robett Glover": 0.9013350680470467,
    "Izembaro": 0.04993969202041626,
    "Hot Pie": 0.1023525595664978,
    "Qyburn": 0.6588378548622131,
    "Malko": 0.2583482265472412,
    "Yohn Royce": 0.7902584969997406,
    "Tormund Giantsbane": 0.34782540798187256,
    "Olyvar": 0.04500502347946167,
    "Daario Naharis": 0.021172642707824707,
    "Illyrio Mopatis": 0.41779279708862305,
    "Jaime Lannister": 0.08894073963165283,
    "Yezzan zo Qaggaz": 0.033941447734832764,
    "Ned Umber": 0.9007697626948357,
    "Eddison Tollett": 0.6105431318283081,
    "Roslin Frey": 0.07816368341445923,
    "Bran Stark": 0.8785320743918419,
    "Sansa Stark": 0.9513844363391399,
    "Anya Waynwood": 0.9758818820118904,
    "Unella": 0.016417860984802246,
    "Hallyne": 0.9998162941046758,
    "Sandor Clegane": 0.7550816535949707,
    "Euron Greyjoy": 0.004284083843231201,
    "Ilyn Payne": 0.9579236097633839,
    "Wyman Manderly": 0.14667898416519165,
    "Samwell Tarly": 0.3925047516822815,
    "Podrick Payne": 0.734848290681839,
    "Lyanna Mormont": 0.05861258506774902,
    "Brienne": 0.949880126863718,
    "Arya Stark": 0.877405546605587,
    "Davos Seaworth": 0.8231611847877502,
    "Bronn": 0.9945868630893528,
    "Marillion": 0.01933354139328003,
    "Armeca": 0.1437281370162964,
    "Jorah Mormont": 0.6500958502292633,
    "Jaqen H'ghar": 0.5815450251102448,
    "Kovarro": 0.9295425787568092,
    "Jon Snow": 0.6597979664802551,
    "Gilly": 0.2380579113960266,
    "Edmure Tully": 0.0008175969123840332,
    "Cersei Lannister": 0.28912341594696045,
    "\"Black Walder\" Frey": 0.3296020030975342,
    "Melessa Tarly": 0.045124828815460205,
    "Denys Mallister": 0.9981569153023884,
    "Gendry": 0.4908953309059143,
    "Tycho Nestoris": 0.8182330876588821,
    "Grey Worm": 0.03118807077407837,
    "Varys": 0.39264458417892456,
    "Yara Greyjoy": 0.035431623458862305,
    "Archmaester": 0.9761500786989927,
    "Shagga": 0.06661355495452881
}